{"stats":{"minecraft:custom":{"minecraft:time_since_rest":1829,"minecraft:crouch_one_cm":45,"minecraft:play_time":4911,"minecraft:sprint_one_cm":20873,"minecraft:deaths":1,"minecraft:damage_taken":260,"minecraft:walk_one_cm":13557,"minecraft:sneak_time":18,"minecraft:jump":79,"minecraft:damage_dealt":20,"minecraft:leave_game":1,"minecraft:time_since_death":1818,"minecraft:total_world_time":4911,"minecraft:fall_one_cm":3353,"minecraft:fly_one_cm":47144},"minecraft:picked_up":{"minecraft:dark_oak_sapling":1,"minecraft:stick":4,"minecraft:apple":1,"minecraft:wheat_seeds":8,"minecraft:dark_oak_log":3,"minecraft:acacia_sapling":1},"minecraft:killed_by":{"minecraft:bee":1},"minecraft:mined":{"minecraft:large_fern":8,"minecraft:grass":33,"minecraft:acacia_leaves":5,"minecraft:dead_bush":1,"minecraft:dark_oak_leaves":15,"minecraft:azalea_leaves":6,"minecraft:dark_oak_log":3,"minecraft:mangrove_leaves":3}},"DataVersion":3465}