{"stats":{"minecraft:used":{"minecraft:stone_pickaxe":132,"minecraft:oak_planks":28,"minecraft:wooden_pickaxe":10,"minecraft:shield":27,"minecraft:iron_sword":72,"minecraft:torch":3,"minecraft:dirt":1,"minecraft:crafting_table":5,"minecraft:white_bed":2,"minecraft:wooden_axe":43,"minecraft:diamond_pickaxe":277,"minecraft:bread":9,"minecraft:iron_pickaxe":250,"minecraft:stone_axe":25,"ad_astra:sky_stone":7,"minecraft:wooden_sword":2,"minecraft:cobblestone":3,"minecraft:furnace":1,"minecraft:oak_boat":2,"minecraft:cooked_beef":12,"minecraft:cobbled_deepslate":48},"minecraft:broken":{"minecraft:stone_pickaxe":1,"minecraft:iron_pickaxe":1},"minecraft:crafted":{"minecraft:cooked_beef":11,"minecraft:oak_planks":116,"minecraft:crafting_table":1,"minecraft:wooden_pickaxe":1,"minecraft:iron_helmet":1,"minecraft:iron_sword":1,"minecraft:furnace":1,"minecraft:stone_axe":1,"minecraft:air":0,"blockus:legacy_sapling":1,"minecraft:oak_boat":1,"minecraft:iron_chestplate":1,"minecraft:diamond_pickaxe":1,"minecraft:stick":12,"minecraft:iron_ingot":18,"minecraft:iron_pickaxe":1,"minecraft:stone_pickaxe":1,"minecraft:wooden_axe":1,"minecraft:white_bed":1,"minecraft:torch":4},"minecraft:picked_up":{"minecraft:crafting_table":5,"minecraft:feather":2,"minecraft:cooked_beef":1,"minecraft:chicken":3,"minecraft:leather":4,"minecraft:gilded_blackstone":1,"minecraft:oak_log":29,"ad_astra:sky_stone":7,"minecraft:gunpowder":2,"minecraft:string":1,"minecraft:lapis_lazuli":62,"minecraft:dirt":2,"minecraft:raw_copper":5,"minecraft:leather_boots":1,"minecraft:bone":8,"minecraft:blackstone":2,"minecraft:apple":2,"minecraft:wheat_seeds":5,"minecraft:cobbled_deepslate":188,"minecraft:raw_gold":16,"minecraft:iron_ingot":3,"minecraft:beef":8,"minecraft:oak_boat":2,"minecraft:iron_boots":1,"minecraft:furnace":1,"adorn:guide_book":1,"minecraft:raw_iron":61,"minecraft:stick":2,"minecraft:smooth_basalt":32,"minecraft:torch":2,"minecraft:white_bed":1,"blockus:viridite":12,"minecraft:arrow":6,"minecraft:rotten_flesh":8,"minecraft:diamond":24,"minecraft:emerald":7,"supplementaries:ash":46,"minecraft:oak_sapling":15,"minecraft:mutton":2,"minecraft:coal":29,"minecraft:white_wool":3,"minecraft:cobblestone":77,"minecraft:ender_pearl":1},"minecraft:killed":{"minecraft:witch":1,"minecraft:spider":2,"minecraft:creeper":1,"naturalist:snail":1,"minecraft:sheep":1,"minecraft:skeleton":4,"naturalist:finch":1,"minecraft:zombie":7,"minecraft:chicken":3,"minecraft:stray":4,"minecraft:silverfish":1,"minecraft:enderman":1,"minecraft:cow":2},"minecraft:dropped":{"minecraft:iron_ingot":3,"minecraft:blackstone":2,"minecraft:wheat_seeds":5,"minecraft:cobbled_deepslate":6,"minecraft:cobblestone":4,"minecraft:iron_boots":1,"minecraft:torch":2,"minecraft:wooden_axe":1,"minecraft:leather_boots":1,"minecraft:wooden_sword":1,"minecraft:wooden_pickaxe":1},"minecraft:custom":{"minecraft:interact_with_furnace":43,"minecraft:mob_kills":30,"minecraft:interact_with_crafting_table":17,"minecraft:leave_game":2,"minecraft:time_since_death":79442,"minecraft:sleep_in_bed":1,"minecraft:time_since_rest":67160,"minecraft:sprint_one_cm":166462,"minecraft:damage_taken":1561,"minecraft:walk_one_cm":165188,"minecraft:damage_blocked_by_shield":1175,"minecraft:drop":17,"minecraft:damage_dealt":4672,"minecraft:swim_one_cm":22850,"minecraft:fly_one_cm":218540,"minecraft:play_time":79442,"minecraft:crouch_one_cm":15300,"minecraft:sneak_time":5204,"minecraft:walk_under_water_one_cm":13307,"minecraft:boat_one_cm":25088,"minecraft:jump":1597,"minecraft:walk_on_water_one_cm":21507,"minecraft:total_world_time":79442,"minecraft:fall_one_cm":43653},"minecraft:mined":{"blockus:viridite":12,"minecraft:deepslate_redstone_ore":3,"minecraft:diamond_ore":1,"minecraft:white_bed":1,"minecraft:blackstone":2,"minecraft:deepslate_diamond_ore":24,"minecraft:soul_fire":1,"minecraft:crafting_table":5,"minecraft:emerald_ore":1,"minecraft:grass_block":2,"blockus:marble":16,"minecraft:deepslate_gold_ore":16,"minecraft:wall_torch":2,"minecraft:deepslate_copper_ore":2,"minecraft:gilded_blackstone":1,"supplementaries:urn":13,"minecraft:furnace":1,"minecraft:iron_ore":58,"minecraft:cobbled_deepslate":10,"minecraft:deepslate_lapis_ore":15,"minecraft:grass":17,"minecraft:oak_log":38,"minecraft:coal_ore":25,"minecraft:deepslate_iron_ore":3,"minecraft:gravel":1,"blockus:limestone":5,"minecraft:smooth_basalt":34,"minecraft:stone":151,"ad_astra:sky_stone":8,"minecraft:infested_deepslate":1,"minecraft:deepslate":261,"blockus:bluestone":15}},"DataVersion":3465}