{"stats":{"minecraft:custom":{"minecraft:mob_kills":76,"minecraft:interact_with_crafting_table":29,"minecraft:open_barrel":42,"minecraft:leave_game":2,"minecraft:time_since_death":103359,"minecraft:climb_one_cm":5321,"minecraft:sprint_one_cm":432039,"minecraft:walk_one_cm":729662,"minecraft:damage_blocked_by_shield":2213,"minecraft:drop":23,"minecraft:play_time":226977,"minecraft:deaths":13,"minecraft:sneak_time":8245,"minecraft:walk_under_water_one_cm":66628,"minecraft:boat_one_cm":287454,"minecraft:interact_with_lectern":1,"minecraft:jump":2663,"minecraft:interact_with_blast_furnace":29,"minecraft:walk_on_water_one_cm":52397,"minecraft:total_world_time":226977,"minecraft:interact_with_furnace":41,"minecraft:interact_with_cartography_table":1,"minecraft:tune_noteblock":9,"minecraft:interact_with_loom":1,"minecraft:sleep_in_bed":9,"minecraft:time_since_rest":44787,"minecraft:damage_taken":6547,"minecraft:damage_dealt":17735,"minecraft:swim_one_cm":405112,"minecraft:fly_one_cm":431060,"minecraft:open_chest":41,"minecraft:crouch_one_cm":21806,"minecraft:fall_one_cm":65795},"minecraft:broken":{"moreusefulcopper:copper_sword":1,"minecraft:leather_boots":1,"moreusefulcopper:copper_pickaxe":1},"minecraft:picked_up":{"blockus:limestone":5,"minecraft:crafting_table":8,"blockus:limestone_button":2,"minecraft:gilded_blackstone":5,"croptopia:calamari":2,"minecraft:amethyst_block":43,"minecraft:string":7,"minecraft:raw_copper":127,"universal_graves:grave_compass":4,"minecraft:cyan_carpet":1,"minecraft:beef":5,"minecraft:oak_boat":1,"minecraft:written_book":1,"minecraft:calcite":1,"minecraft:azalea":1,"travelersbackpack:black_sleeping_bag":6,"minecraft:lectern":1,"minecraft:coal_block":2,"minecraft:chest":6,"minecraft:furnace":1,"minecraft:egg":3,"minecraft:raw_iron":22,"minecraft:stick":41,"minecraft:torch":12,"minecraft:bowl":4,"minecraft:porkchop":2,"minecraft:mangrove_trapdoor":3,"minecraft:arrow":20,"minecraft:rotten_flesh":46,"minecraft:mangrove_roots":1,"supplementaries:ash":4,"minecraft:white_wool":15,"minecraft:cobblestone":100,"minecraft:nautilus_shell":1,"minecraft:magma_block":13,"minecraft:basalt":9,"minecraft:glow_ink_sac":6,"minecraft:leather":5,"croptopia:glowing_calamari":3,"fishofthieves:grubs":1,"terrestria:hemlock_log":55,"minecraft:oak_log":25,"minecraft:gunpowder":2,"minecraft:lapis_lazuli":100,"minecraft:dirt":25,"minecraft:cooked_mutton":2,"minecraft:bone":30,"minecraft:stone_bricks":2,"minecraft:apple":3,"minecraft:wheat_seeds":18,"minecraft:raw_gold":5,"minecraft:iron_ingot":1,"fishofthieves:earthworms":8,"minecraft:oak_planks":1,"minecraft:book":3,"minecraft:pumpkin":1,"minecraft:sweet_berries":89,"terrestria:hemlock_sapling":14,"minecraft:gravel":2,"minecraft:sand":58,"minecraft:spruce_sapling":31,"minecraft:ink_sac":5,"minecraft:white_bed":4,"minecraft:spruce_log":5,"minecraft:cyan_bed":1,"naturalist:duck_egg":2,"travelersbackpack:standard":3,"minecraft:diamond":10,"magistuarmory:rusted_bastardsword":3,"minecraft:lever":3,"fishofthieves:devilfish":4,"magistuarmory:corruptedroundshield":2,"minecraft:iron_helmet":1,"minecraft:golden_apple":1,"minecraft:gray_wool":1,"minecraft:oak_sapling":13,"minecraft:black_wool":2,"minecraft:coal":49},"minecraft:used":{"minecraft:azalea":1,"minecraft:iron_shovel":58,"minecraft:chest":3,"minecraft:shield":28,"travelersbackpack:black_sleeping_bag":6,"minecraft:rotten_flesh":9,"minecraft:torch":14,"minecraft:dirt":5,"travelersbackpack:squid":2,"minecraft:stone_bricks":2,"minecraft:basalt":9,"minecraft:magma_block":13,"minecraft:beef":3,"minecraft:sweet_berries":87,"minecraft:mangrove_roots":1,"minecraft:furnace":3,"minecraft:oak_sapling":13,"magistuarmory:rusted_bastardsword":1,"minecraft:calcite":1,"fishofthieves:devilfish_bucket":2,"minecraft:cooked_mutton":2,"minecraft:water_bucket":22,"blockus:limestone_button":2,"minecraft:stone_pickaxe":65,"moreusefulcopper:copper_sword":261,"minecraft:gilded_blackstone":5,"minecraft:mangrove_trapdoor":3,"minecraft:crafting_table":10,"minecraft:mushroom_stew":7,"minecraft:white_bed":5,"minecraft:lever":3,"minecraft:apple":4,"minecraft:bread":25,"minecraft:iron_pickaxe":29,"adorn:guide_book":1,"minecraft:spruce_sapling":1,"minecraft:gravel":2,"moreusefulcopper:copper_pickaxe":239,"minecraft:fire_charge":1,"minecraft:wooden_sword":51,"travelersbackpack:standard":14,"minecraft:cobblestone":33,"moreusefulcopper:copper_axe":175,"minecraft:porkchop":2,"minecraft:bucket":29,"minecraft:oak_boat":2,"minecraft:gray_wool":1},"minecraft:dropped":{"minecraft:wheat_seeds":7,"minecraft:cobblestone":10,"minecraft:flint":3,"minecraft:wooden_sword":1,"minecraft:string":4,"moreusefulcopper:copper_axe":1,"minecraft:spruce_sapling":15,"minecraft:bowl":8,"universal_graves:grave_compass":6,"minecraft:oak_boat":1},"minecraft:killed_by":{"minecraft:husk":1,"minecraft:player":1,"minecraft:skeleton":11},"minecraft:killed":{"minecraft:spider":6,"minecraft:horse":2,"minecraft:skeleton":19,"minecraft:drowned":4,"minecraft:husk":17,"minecraft:pig":1,"minecraft:creeper":3,"minecraft:squid":2,"tinyskeletons:baby_skeleton":1,"minecraft:zombie":13,"fishofthieves:devilfish":1,"minecraft:glow_squid":3,"minecraft:cow":2},"minecraft:mined":{"minecraft:diamond_ore":4,"minecraft:white_bed":4,"minecraft:deepslate_diamond_ore":6,"minecraft:mangrove_roots":1,"minecraft:budding_amethyst":1,"minecraft:lever":3,"minecraft:grass_block":5,"minecraft:coal_block":2,"minecraft:mangrove_trapdoor":3,"minecraft:spruce_leaves":9,"minecraft:gilded_blackstone":5,"minecraft:spawner":4,"minecraft:large_fern":24,"minecraft:magma_block":13,"minecraft:spruce_sapling":1,"minecraft:furnace":1,"minecraft:iron_ore":22,"minecraft:pumpkin":1,"minecraft:azalea_leaves":1,"travelersbackpack:black_sleeping_bag":6,"minecraft:stone":82,"blockus:limestone_button":2,"minecraft:kelp_plant":1,"minecraft:basalt":9,"travelersbackpack:standard":3,"minecraft:crafting_table":8,"minecraft:torch":2,"minecraft:calcite":1,"minecraft:chest":7,"minecraft:lectern":1,"minecraft:tall_grass":4,"minecraft:copper_ore":41,"minecraft:cobblestone":6,"minecraft:deepslate_gold_ore":5,"minecraft:lapis_ore":17,"minecraft:cyan_bed":1,"minecraft:wall_torch":4,"minecraft:amethyst_block":43,"supplementaries:urn":4,"minecraft:seagrass":5,"minecraft:gray_wool":1,"terrestria:hemlock_log":55,"minecraft:sweet_berry_bush":16,"minecraft:spruce_log":4,"minecraft:grass":86,"minecraft:oak_log":20,"minecraft:coal_ore":49,"minecraft:sand":58,"minecraft:cyan_carpet":1,"minecraft:gravel":2,"geodes:emerald_crystal_block":1,"minecraft:dirt":4,"blockus:limestone":2,"minecraft:stone_bricks":2,"minecraft:oak_leaves":1,"minecraft:fern":2},"minecraft:crafted":{"moreusefulcopper:copper_chestplate":1,"minecraft:oak_planks":36,"minecraft:coal":18,"minecraft:furnace":3,"moreusefulcopper:copper_axe":2,"minecraft:lever":1,"moreusefulcopper:copper_pickaxe":1,"moreusefulcopper:copper_helmet":1,"moreusefulcopper:copper_leggings":1,"minecraft:glass":18,"minecraft:stone_pickaxe":1,"moreusefulcopper:copper_sword":1,"minecraft:crafting_table":3,"minecraft:spruce_planks":20,"travelersbackpack:backpack_tank":2,"travelersbackpack:standard":1,"minecraft:copper_ingot":83,"travelersbackpack:black_sleeping_bag":1,"minecraft:bucket":1,"minecraft:air":0,"travelersbackpack:squid":1,"minecraft:oak_boat":2,"minecraft:iron_pickaxe":1,"minecraft:stick":8,"moreusefulcopper:copper_boots":1,"minecraft:iron_ingot":19,"blockus:limestone_button":1,"minecraft:iron_shovel":1,"minecraft:white_bed":1,"minecraft:torch":8,"minecraft:shears":1}},"DataVersion":3465}