{"stats":{"minecraft:killed_by":{"minecraft:skeleton":1},"minecraft:broken":{"minecraft:wooden_axe":1},"minecraft:used":{"minecraft:stone_pickaxe":42,"minecraft:oak_planks":3,"minecraft:shield":3,"minecraft:rotten_flesh":6,"minecraft:golden_apple":1,"minecraft:wooden_axe":70,"minecraft:bread":9,"minecraft:item_frame":1,"minecraft:stone_axe":85,"minecraft:cobblestone":4,"minecraft:sweet_berries":6,"minecraft:oak_boat":3,"minecraft:cooked_beef":1},"minecraft:crafted":{"minecraft:oak_planks":96,"minecraft:stone_axe":2,"minecraft:oak_boat":1,"minecraft:stick":8,"minecraft:stone_pickaxe":1,"minecraft:wooden_axe":1,"minecraft:torch":4},"minecraft:picked_up":{"minecraft:cooked_beef":1,"minecraft:rabbit_stew":1,"minecraft:cooked_rabbit":1,"minecraft:oak_log":35,"minecraft:cooked_salmon":1,"minecraft:item_frame":7,"minecraft:wheat_seeds":7,"minecraft:stone_pickaxe":1,"minecraft:oak_boat":4,"minecraft:oak_planks":1,"minecraft:book":111,"minecraft:raw_iron":1,"minecraft:polished_andesite_stairs":1,"minecraft:stick":3,"minecraft:sweet_berries":7,"minecraft:spruce_sapling":6,"minecraft:blast_furnace":5,"minecraft:spruce_log":27,"minecraft:honey_bottle":1,"minecraft:rotten_flesh":6,"minecraft:golden_apple":1,"minecraft:baked_potato":1,"minecraft:oak_sapling":2,"minecraft:coal":12,"minecraft:cobblestone":20},"minecraft:killed":{"minecraft:husk":4,"minecraft:frog":1,"minecraft:skeleton":2,"minecraft:zombie":1},"minecraft:dropped":{"minecraft:polished_andesite_stairs":1},"minecraft:mined":{"minecraft:blast_furnace":5,"minecraft:polished_andesite_stairs":1,"minecraft:cobblestone":4,"minecraft:oak_planks":2,"minecraft:spawner":1,"minecraft:iron_ore":1,"minecraft:sweet_berry_bush":4,"minecraft:spruce_log":29,"minecraft:grass":38,"minecraft:bookshelf":38,"minecraft:coal_ore":12,"minecraft:oak_log":44,"minecraft:cyan_carpet":1,"minecraft:stripped_oak_log":1,"minecraft:stone":15},"minecraft:custom":{"minecraft:mob_kills":8,"minecraft:interact_with_crafting_table":8,"minecraft:tune_noteblock":42,"minecraft:open_barrel":3,"minecraft:eat_cake_slice":6,"minecraft:leave_game":2,"minecraft:time_since_death":42181,"minecraft:sleep_in_bed":2,"minecraft:climb_one_cm":660,"minecraft:time_since_rest":21661,"minecraft:sprint_one_cm":152283,"minecraft:walk_one_cm":143302,"minecraft:damage_taken":1028,"minecraft:damage_absorbed":40,"minecraft:damage_blocked_by_shield":120,"minecraft:drop":1,"minecraft:damage_dealt":1732,"minecraft:swim_one_cm":9621,"minecraft:fly_one_cm":233091,"minecraft:open_chest":1,"minecraft:crouch_one_cm":1361,"minecraft:play_time":57702,"minecraft:deaths":1,"minecraft:sneak_time":425,"minecraft:walk_under_water_one_cm":1081,"minecraft:boat_one_cm":109480,"minecraft:jump":753,"minecraft:walk_on_water_one_cm":5312,"minecraft:total_world_time":57702,"minecraft:fall_one_cm":15620}},"DataVersion":3465}