{"stats":{"minecraft:used":{"minecraft:cooked_mutton":6,"minecraft:stone_sword":54,"minecraft:water_bucket":3,"minecraft:stone_pickaxe":131,"minecraft:oak_planks":53,"minecraft:wooden_pickaxe":59,"minecraft:shield":1,"minecraft:iron_sword":35,"minecraft:oak_door":3,"minecraft:torch":9,"minecraft:crafting_table":8,"blockus:viridite":1,"minecraft:white_bed":6,"minecraft:tuff":17,"minecraft:apple":7,"minecraft:bread":9,"minecraft:iron_pickaxe":241,"adorn:guide_book":2,"blockus:bluestone":31,"minecraft:stone_axe":124,"minecraft:wooden_sword":63,"minecraft:furnace":5,"minecraft:cooked_porkchop":2,"minecraft:bucket":3,"minecraft:oak_boat":4,"blockus:marble":5,"minecraft:cobbled_deepslate":73},"minecraft:broken":{"minecraft:stone_pickaxe":1,"minecraft:wooden_sword":1,"minecraft:wooden_pickaxe":1},"minecraft:crafted":{"minecraft:cooked_beef":9,"minecraft:oak_door":3,"minecraft:oak_planks":144,"minecraft:cooked_porkchop":2,"minecraft:crafting_table":1,"minecraft:wooden_pickaxe":1,"minecraft:cooked_chicken":4,"minecraft:baked_potato":3,"minecraft:iron_helmet":1,"minecraft:iron_sword":1,"minecraft:furnace":2,"minecraft:stone_axe":1,"minecraft:cooked_mutton":10,"minecraft:air":0,"minecraft:oak_boat":1,"minecraft:iron_boots":1,"minecraft:iron_chestplate":1,"minecraft:diamond_pickaxe":1,"minecraft:iron_axe":1,"minecraft:stick":8,"minecraft:iron_ingot":54,"minecraft:iron_pickaxe":2,"minecraft:stone_pickaxe":1,"minecraft:stone_sword":1,"minecraft:iron_leggings":1,"minecraft:white_bed":1},"minecraft:picked_up":{"minecraft:crafting_table":8,"minecraft:feather":3,"minecraft:chicken":4,"minecraft:ladder":1,"minecraft:leather":3,"blockus:bluestone":31,"minecraft:tuff":32,"minecraft:oak_log":101,"supplementaries:flax_seeds":4,"ad_astra:sky_stone":6,"minecraft:string":1,"minecraft:bone":15,"blockus:marble":5,"minecraft:blackstone":1,"minecraft:apple":4,"minecraft:kelp":1,"minecraft:wheat_seeds":2,"minecraft:cobbled_deepslate":118,"minecraft:iron_ingot":3,"minecraft:beef":13,"minecraft:oak_boat":3,"minecraft:iron_pickaxe":1,"minecraft:oak_planks":6,"minecraft:furnace":5,"minecraft:stick":13,"minecraft:oak_slab":2,"minecraft:raw_iron":69,"minecraft:torch":9,"minecraft:porkchop":2,"minecraft:white_bed":6,"minecraft:spider_eye":3,"blockus:viridite":1,"minecraft:arrow":1,"minecraft:rotten_flesh":5,"minecraft:diamond":7,"supplementaries:ash":19,"minecraft:oak_sapling":45,"minecraft:black_wool":1,"minecraft:mutton":8,"minecraft:coal":114,"minecraft:white_wool":5,"minecraft:cobblestone":97},"minecraft:killed":{"minecraft:vindicator":2,"minecraft:spider":5,"naturalist:boar":1,"minecraft:sheep":6,"minecraft:skeleton":3,"minecraft:pillager":4,"minecraft:zombie":3,"minecraft:chicken":4,"minecraft:stray":1,"minecraft:drowned":2,"minecraft:cow":8},"minecraft:dropped":{"minecraft:iron_ingot":3,"minecraft:blackstone":1,"minecraft:kelp":1,"minecraft:wheat_seeds":2,"minecraft:oak_log":1,"minecraft:stone_sword":1,"minecraft:tnt":2,"minecraft:tuff":15,"minecraft:feather":3,"minecraft:rotten_flesh":5,"minecraft:leather":3,"ad_astra:sky_stone":6,"supplementaries:flax_seeds":4,"minecraft:leather_boots":1,"minecraft:oak_sapling":45,"minecraft:spider_eye":3,"minecraft:arrow":1,"adorn:guide_book":1,"minecraft:iron_pickaxe":1,"minecraft:string":1,"minecraft:white_wool":2,"minecraft:black_wool":1,"minecraft:bone":15},"minecraft:custom":{"minecraft:interact_with_furnace":91,"minecraft:mob_kills":39,"minecraft:interact_with_crafting_table":19,"minecraft:open_barrel":28,"minecraft:leave_game":2,"minecraft:time_since_death":116733,"minecraft:sleep_in_bed":5,"minecraft:time_since_rest":4212,"minecraft:sprint_one_cm":202342,"minecraft:damage_taken":1020,"minecraft:walk_one_cm":166344,"minecraft:damage_blocked_by_shield":30,"minecraft:drop":31,"minecraft:damage_dealt":6126,"minecraft:swim_one_cm":77392,"minecraft:fly_one_cm":238443,"minecraft:open_chest":9,"minecraft:play_time":116733,"minecraft:crouch_one_cm":14363,"minecraft:sneak_time":9230,"minecraft:walk_under_water_one_cm":23335,"minecraft:boat_one_cm":309376,"minecraft:jump":1665,"minecraft:walk_on_water_one_cm":37932,"minecraft:fall_one_cm":32376,"minecraft:total_world_time":116733},"minecraft:mined":{"blockus:viridite":1,"minecraft:oak_slab":2,"minecraft:tuff":17,"minecraft:white_bed":6,"minecraft:blackstone":1,"minecraft:deepslate_diamond_ore":6,"minecraft:cobblestone_stairs":1,"minecraft:crafting_table":8,"minecraft:torch":4,"minecraft:ladder":2,"minecraft:tall_grass":4,"blockus:marble":5,"minecraft:spruce_leaves":1,"minecraft:oak_planks":7,"minecraft:kelp":2,"minecraft:wall_torch":3,"minecraft:spawner":14,"supplementaries:urn":8,"minecraft:large_fern":2,"minecraft:birch_planks":1,"minecraft:furnace":5,"minecraft:iron_ore":13,"minecraft:cobbled_deepslate":6,"minecraft:prismarine_brick_slab":2,"minecraft:grass":8,"minecraft:coal_ore":51,"minecraft:oak_log":102,"minecraft:deepslate_iron_ore":57,"betterarcheology:loot_vase":1,"minecraft:stone":97,"ad_astra:sky_stone":5,"minecraft:deepslate":112,"blockus:bluestone":31}},"DataVersion":3465}