{"stats":{"minecraft:crafted":{"minecraft:oak_planks":96,"minecraft:crafting_table":1,"minecraft:spruce_planks":4,"minecraft:wooden_pickaxe":1,"minecraft:stone_axe":1,"minecraft:bread":15,"minecraft:stick":16,"minecraft:stone_pickaxe":1,"minecraft:stone_sword":1,"minecraft:wheat":45},"minecraft:killed":{"minecraft:husk":7,"minecraft:skeleton":2,"minecraft:zombie":1},"minecraft:dropped":{"minecraft:nether_brick_slab":1,"minecraft:wheat_seeds":3,"minecraft:mangrove_roots":2,"minecraft:iron_nugget":2,"minecraft:cobblestone":6,"minecraft:rotten_flesh":4,"universal_graves:grave_compass":1,"minecraft:potato":1,"minecraft:oak_sapling":9,"minecraft:arrow":1,"minecraft:dark_oak_planks":2,"minecraft:cyan_carpet":3,"minecraft:spruce_sapling":4,"minecraft:bone":1,"minecraft:waxed_cut_copper_slab":2},"minecraft:picked_up":{"minecraft:crafting_table":2,"minecraft:potato":1,"minecraft:oak_log":44,"minecraft:waxed_cut_copper_slab":2,"minecraft:bone":1,"minecraft:cyan_carpet":3,"minecraft:apple":1,"minecraft:wheat_seeds":3,"minecraft:oak_boat":1,"minecraft:chest":1,"minecraft:oak_planks":1,"minecraft:furnace":2,"minecraft:book":36,"minecraft:stick":14,"minecraft:raw_iron":2,"minecraft:sweet_berries":55,"minecraft:spruce_sapling":4,"minecraft:blast_furnace":4,"minecraft:spruce_log":1,"minecraft:nether_brick_slab":1,"minecraft:cyan_bed":3,"minecraft:mangrove_trapdoor":1,"minecraft:dark_oak_planks":2,"minecraft:arrow":1,"minecraft:rotten_flesh":4,"minecraft:hay_block":5,"minecraft:mangrove_roots":2,"minecraft:black_banner":1,"minecraft:oak_sapling":9,"minecraft:coal":4,"minecraft:cobblestone":28},"minecraft:killed_by":{"minecraft:husk":3,"minecraft:skeleton":1},"minecraft:custom":{"minecraft:mob_kills":11,"minecraft:interact_with_crafting_table":4,"minecraft:open_barrel":12,"minecraft:eat_cake_slice":4,"minecraft:leave_game":1,"minecraft:time_since_death":4329,"minecraft:climb_one_cm":1200,"minecraft:time_since_rest":4354,"minecraft:sprint_one_cm":168581,"minecraft:damage_taken":1817,"minecraft:walk_one_cm":145808,"minecraft:damage_blocked_by_shield":75,"minecraft:drop":25,"minecraft:damage_dealt":3769,"minecraft:swim_one_cm":17365,"minecraft:fly_one_cm":164272,"minecraft:player_kills":1,"minecraft:open_chest":6,"minecraft:crouch_one_cm":8500,"minecraft:play_time":46889,"minecraft:deaths":4,"minecraft:sneak_time":3326,"minecraft:walk_under_water_one_cm":967,"minecraft:boat_one_cm":117105,"minecraft:jump":796,"minecraft:interact_with_blast_furnace":4,"minecraft:walk_on_water_one_cm":6226,"minecraft:total_world_time":46889,"minecraft:fall_one_cm":16623},"minecraft:used":{"minecraft:stone_sword":57,"minecraft:stone_pickaxe":14,"minecraft:oak_planks":6,"minecraft:wooden_pickaxe":30,"minecraft:shield":1,"minecraft:mangrove_trapdoor":1,"minecraft:crafting_table":2,"minecraft:bread":10,"minecraft:cyan_bed":3,"minecraft:stone_axe":73,"minecraft:wooden_sword":56,"minecraft:cobblestone":12,"minecraft:sweet_berries":26,"minecraft:oak_boat":1},"minecraft:broken":{"minecraft:wooden_sword":1},"minecraft:mined":{"minecraft:dark_oak_planks":2,"minecraft:waxed_cut_copper_slab":1,"minecraft:mangrove_roots":2,"minecraft:crafting_table":2,"minecraft:blast_furnace":4,"minecraft:nether_brick_slab":1,"minecraft:mangrove_trapdoor":1,"minecraft:cobblestone":4,"minecraft:cyan_bed":3,"minecraft:oak_planks":1,"minecraft:spawner":3,"minecraft:large_fern":2,"minecraft:hay_block":5,"minecraft:furnace":2,"minecraft:iron_ore":2,"minecraft:sweet_berry_bush":29,"minecraft:black_wall_banner":1,"minecraft:grass":16,"minecraft:bookshelf":12,"minecraft:oak_log":45,"minecraft:coal_ore":4,"minecraft:cyan_carpet":1,"minecraft:stone":22,"minecraft:oak_leaves":2}},"DataVersion":3465}